{
    "prepare_queue": {
        "installed": [],
        "uninstalled": []
    },
    "config_munge": {
        "files": {
            "config.xml": {
                "parents": {
                    "/*": [
                        {
                            "xml": "<feature name=\"Console\"><param name=\"ios-package\" value=\"CDVLogger\" /></feature>",
                            "count": 1
                        },
                        {
                            "xml": "<feature name=\"Device\"><param name=\"ios-package\" value=\"CDVDevice\" /></feature>",
                            "count": 1
                        },
                        {
                            "xml": "<feature name=\"YoikScreenOrientation\"><param name=\"ios-package\" value=\"YoikScreenOrientation\" /></feature>",
                            "count": 1
                        },
                        {
                            "xml": "<feature name=\"SplashScreen\"><param name=\"ios-package\" value=\"CDVSplashScreen\" /><param name=\"onload\" value=\"true\" /></feature>",
                            "count": 1
                        },
                        {
                            "xml": "<feature name=\"StatusBar\"><param name=\"ios-package\" value=\"CDVStatusBar\" /><param name=\"onload\" value=\"true\" /></feature>",
                            "count": 1
                        },
                        {
                            "xml": "<preference name=\"StatusBarOverlaysWebView\" value=\"true\" />",
                            "count": 1
                        },
                        {
                            "xml": "<preference name=\"StatusBarStyle\" value=\"lightcontent\" />",
                            "count": 1
                        },
                        {
                            "xml": "<feature name=\"Keyboard\"><param name=\"ios-package\" onload=\"true\" value=\"IonicKeyboard\" /></feature>",
                            "count": 1
                        },
                        {
                            "xml": "<feature name=\"PushNotification\"><param name=\"ios-package\" value=\"PushPlugin\" /></feature>",
                            "count": 1
                        },
                        {
                            "xml": "<feature name=\"NetworkStatus\"><param name=\"ios-package\" value=\"CDVConnection\" /></feature>",
                            "count": 1
                        },
                        {
                            "xml": "<feature name=\"Toast\"><param name=\"ios-package\" value=\"Toast\" /></feature>",
                            "count": 1
                        }
                    ]
                }
            },
            "*-Info.plist": {
                "parents": {
                    "UIBackgroundModes": [
                        {
                            "xml": "<array><string>remote-notification</string></array>",
                            "count": 1
                        }
                    ],
                    "GCM_SENDER_ID": [
                        {
                            "xml": "<string>117882864904</string>",
                            "count": 1
                        }
                    ],
                    "IS_GCM_ENABLED": [
                        {
                            "xml": "<true />",
                            "count": 1
                        }
                    ]
                }
            }
        }
    },
    "installed_plugins": {
        "cordova-plugin-console": {
            "PACKAGE_NAME": "com.ionicframework.sleepapppatient568165"
        },
        "cordova-plugin-device": {
            "PACKAGE_NAME": "com.ionicframework.sleepapppatient568165"
        },
        "cordova-plugin-screen-orientation": {
            "PACKAGE_NAME": "com.ionicframework.sleepapppatient568165"
        },
        "cordova-plugin-splashscreen": {
            "PACKAGE_NAME": "com.ionicframework.sleepapppatient568165"
        },
        "cordova-plugin-statusbar": {
            "PACKAGE_NAME": "com.ionicframework.sleepapppatient568165"
        },
        "cordova-plugin-whitelist": {
            "PACKAGE_NAME": "com.ionicframework.sleepapppatient568165"
        },
        "ionic-plugin-keyboard": {
            "PACKAGE_NAME": "com.ionicframework.sleepapppatient568165"
        },
        "phonegap-plugin-push": {
            "SENDER_ID": "117882864904",
            "PACKAGE_NAME": "com.ionicframework.sleepapppatient568165"
        },
        "cordova-plugin-network-information": {
            "PACKAGE_NAME": "com.ionicframework.sleepapppatient568165"
        },
        "cordova-plugin-x-toast": {
            "PACKAGE_NAME": "com.sleepapp.patient"
        }
    },
    "dependent_plugins": {},
    "modules": [
        {
            "file": "plugins/cordova-plugin-console/www/console-via-logger.js",
            "id": "cordova-plugin-console.console",
            "pluginId": "cordova-plugin-console",
            "clobbers": [
                "console"
            ]
        },
        {
            "file": "plugins/cordova-plugin-console/www/logger.js",
            "id": "cordova-plugin-console.logger",
            "pluginId": "cordova-plugin-console",
            "clobbers": [
                "cordova.logger"
            ]
        },
        {
            "file": "plugins/cordova-plugin-device/www/device.js",
            "id": "cordova-plugin-device.device",
            "pluginId": "cordova-plugin-device",
            "clobbers": [
                "device"
            ]
        },
        {
            "file": "plugins/cordova-plugin-screen-orientation/www/screenorientation.js",
            "id": "cordova-plugin-screen-orientation.screenorientation",
            "pluginId": "cordova-plugin-screen-orientation",
            "clobbers": [
                "cordova.plugins.screenorientation"
            ]
        },
        {
            "file": "plugins/cordova-plugin-screen-orientation/www/screenorientation.ios.js",
            "id": "cordova-plugin-screen-orientation.screenorientation.ios",
            "pluginId": "cordova-plugin-screen-orientation",
            "merges": [
                "cordova.plugins.screenorientation"
            ]
        },
        {
            "file": "plugins/cordova-plugin-splashscreen/www/splashscreen.js",
            "id": "cordova-plugin-splashscreen.SplashScreen",
            "pluginId": "cordova-plugin-splashscreen",
            "clobbers": [
                "navigator.splashscreen"
            ]
        },
        {
            "file": "plugins/cordova-plugin-statusbar/www/statusbar.js",
            "id": "cordova-plugin-statusbar.statusbar",
            "pluginId": "cordova-plugin-statusbar",
            "clobbers": [
                "window.StatusBar"
            ]
        },
        {
            "file": "plugins/ionic-plugin-keyboard/www/ios/keyboard.js",
            "id": "ionic-plugin-keyboard.keyboard",
            "pluginId": "ionic-plugin-keyboard",
            "clobbers": [
                "cordova.plugins.Keyboard"
            ],
            "runs": true
        },
        {
            "file": "plugins/phonegap-plugin-push/www/push.js",
            "id": "phonegap-plugin-push.PushNotification",
            "pluginId": "phonegap-plugin-push",
            "clobbers": [
                "PushNotification"
            ]
        },
        {
            "file": "plugins/cordova-plugin-network-information/www/network.js",
            "id": "cordova-plugin-network-information.network",
            "pluginId": "cordova-plugin-network-information",
            "clobbers": [
                "navigator.connection",
                "navigator.network.connection"
            ]
        },
        {
            "file": "plugins/cordova-plugin-network-information/www/Connection.js",
            "id": "cordova-plugin-network-information.Connection",
            "pluginId": "cordova-plugin-network-information",
            "clobbers": [
                "Connection"
            ]
        },
        {
            "file": "plugins/cordova-plugin-x-toast/www/Toast.js",
            "id": "cordova-plugin-x-toast.Toast",
            "pluginId": "cordova-plugin-x-toast",
            "clobbers": [
                "window.plugins.toast"
            ]
        },
        {
            "file": "plugins/cordova-plugin-x-toast/test/tests.js",
            "id": "cordova-plugin-x-toast.tests",
            "pluginId": "cordova-plugin-x-toast"
        }
    ],
    "plugin_metadata": {
        "cordova-plugin-console": "1.0.3",
        "cordova-plugin-device": "1.1.2",
        "cordova-plugin-screen-orientation": "1.4.2",
        "cordova-plugin-splashscreen": "3.2.2",
        "cordova-plugin-statusbar": "2.1.3",
        "cordova-plugin-whitelist": "1.2.2",
        "ionic-plugin-keyboard": "2.2.1",
        "phonegap-plugin-push": "1.8.2",
        "cordova-plugin-network-information": "1.3.0",
        "cordova-plugin-x-toast": "2.5.2"
    }
}